chain,step,accepted,attempts,score,sequence,sequence_trimmed,dist_to_wt_latent_l2,start_mode,guidance,source_seq_col
0,2,True,1,1.4576877355575562,LFLFFFFIKYGTFKNLILNNKNNFDIFFFFNFKLNAEELLFFIINIEKFFNYIKILLVLNVINFNNHILLVHVVNFKDDNNFNVEGENNNNIKFELELLFLFILIHFFFCGVVHKNYMKLLFAFDAALLVLVVVFNEIVEEIEESLLLEKILNVFNFNLNFNFKLHELEEEEEDKFKFNFNFTNNILFLLAYFFKILNLNEHGEGELFDDDEEFCFMEQFEEGEHKKNFLLPNEFKF,LFLFFFFIKYGTFKNLILNNKNNFDIFFFFNFKLNAEELLFFIINIEKFFNYIKILLVLNVINFNNHILLVHVVNFKDDNNFNVEGENNNNIKFELELLFLFILIHFFFCGVVHKNYMKLLFAFDAALLVLVVVFNEIVEEIEESLLLEKILNVFNFNLNFNFKLHELEEEEEDKFKFNFNFTNNILFLLAYFFKILNLNEHGEGELFDDDEEFCFMEQFEEGEHKKNFLLPNEFKF,7.199245452880859,wildtype,regressor,seq
0,3,True,1,1.035198450088501,NKIRKLLILILVVLMEHHMHNMTESSEKDKDNFHDKNLFMKKEENAKDDQIIRYFKELKLNHDKEEENKKMKYREENTTTLLRHYNHMLKHEEMETKLIRRHHEYIMMTHMKFKQFLFNIHIILRRKNNMENIFMMLKKQNNMYLKFFMNLKTIKKKKKTKMEFIIIIIFKVIKMHHHLDRKDKKNKNERKELINNKHHLTLKTKNEKFTNFFINNKFNMKLIVNTYIIHNMKILHL,NKIRKLLILILVVLMEHHMHNMTESSEKDKDNFHDKNLFMKKEENAKDDQIIRYFKELKLNHDKEEENKKMKYREENTTTLLRHYNHMLKHEEMETKLIRRHHEYIMMTHMKFKQFLFNIHIILRRKNNMENIFMMLKKQNNMYLKFFMNLKTIKKKKKTKMEFIIIIIFKVIKMHHHLDRKDKKNKNERKELINNKHHLTLKTKNEKFTNFFINNKFNMKLIVNTYIIHNMKILHL,7.1295166015625,wildtype,regressor,seq
0,4,True,1,1.1690926551818848,LALFFKFVKNNKNTNDIFYFTNQFLNFFFPNLKLFKENLIHKIINIIKHKENIKKLVIFIVIHVIYIIMKDYVLNFINVNFFIVGGVNDNNTAANLNLLFNFILIFHFYKGIKKNNYYRLTFFFFAFNFVVVVVFKFINFIILEFMLLEMNKKNVIFNFFFNFKHHKLKNENEIFFKFNFNFVNNINNLKANKQKIDILNEHHEMELFDNIKVHCKMEEFNFNEHNKNVVPFNVNFF,LALFFKFVKNNKNTNDIFYFTNQFLNFFFPNLKLFKENLIHKIINIIKHKENIKKLVIFIVIHVIYIIMKDYVLNFINVNFFIVGGVNDNNTAANLNLLFNFILIFHFYKGIKKNNYYRLTFFFFAFNFVVVVVFKFINFIILEFMLLEMNKKNVIFNFFFNFKHHKLKNENEIFFKFNFNFVNNINNLKANKQKIDILNEHHEMELFDNIKVHCKMEEFNFNEHNKNVVPFNVNFF,7.090301513671875,wildtype,regressor,seq
0,5,True,1,1.2423444986343384,NKIINLLLLLTVILVELHHHNFNENDEKEKDNMFDTNFTQMKEKNAKDNDILRKNNFNLLGNLKEEELTFFTKHDENTTTLLLFNNTILIHDLNFTKLFRKDHEFIKLLILKLLDFLKFFYNMLMFTDFNMNLFILLKNINNLYLKNFMNEKTMKKLLHVRMHFINNFLFFVFKMMLEKDDRRKINIIKYEENFNKKLLLTFVVKEEKFTNFKRRNKNMMKKLINELNMHRLMNLHG,NKIINLLLLLTVILVELHHHNFNENDEKEKDNMFDTNFTQMKEKNAKDNDILRKNNFNLLGNLKEEELTFFTKHDENTTTLLLFNNTILIHDLNFTKLFRKDHEFIKLLILKLLDFLKFFYNMLMFTDFNMNLFILLKNINNLYLKNFMNEKTMKKLLHVRMHFINNFLFFVFKMMLEKDDRRKINIIKYEENFNKKLLLTFVVKEEKFTNFKRRNKNMMKKLINELNMHRLMNLHG,7.735166072845459,wildtype,regressor,seq
0,6,True,2,1.2852858304977417,NKIFNLLLLLTIILVFLHHHNMNENEEKEKDDMTDTNFTQLILKNADDNDILRNGNFNLLNELKEEELTFKTKHDENTTLLLLFNITILIHVLLFTKLFFKDHEFFMLDILKLELFLKFNFNMLRFTDNNMNLFIMIKNINTKNLKFFMNEKTLKKKLEVRVHFENNFNFVVIKMMLEKHDRRKINIIPYMINFNKKLLLTVVVDEIKFIIIKRRNKNMMYKLIEERIMTRMMNYYG,NKIFNLLLLLTIILVFLHHHNMNENEEKEKDDMTDTNFTQLILKNADDNDILRNGNFNLLNELKEEELTFKTKHDENTTLLLLFNITILIHVLLFTKLFFKDHEFFMLDILKLELFLKFNFNMLRFTDNNMNLFIMIKNINTKNLKFFMNEKTLKKKLEVRVHFENNFNFVVIKMMLEKHDRRKINIIPYMINFNKKLLLTVVVDEIKFIIIKRRNKNMMYKLIEERIMTRMMNYYG,7.928430557250977,wildtype,regressor,seq
0,7,True,1,1.3306479454040527,LNNYNKNNENNNIFHFKENNNLEEEENNLKFKIVDDDNENENHYKNEMKEVVINVKKNNGEKDKVIIIVKNFNNNNKFNLKMKNNYINGNFFNKNINKLGTNENFNHIILDLYFKFFTTLELFNLNNKKFFKLFYNYKFKDGDDKEDNRIPNFKIKKNNFFKKIHDMFNNFKNLHILHILYIFFNDNNGIKKKREVIDINNNILEINRRIIIKIKKKIKIHFIKLIIFYFKFYVVDN,LNNYNKNNENNNIFHFKENNNLEEEENNLKFKIVDDDNENENHYKNEMKEVVINVKKNNGEKDKVIIIVKNFNNNNKFNLKMKNNYINGNFFNKNINKLGTNENFNHIILDLYFKFFTTLELFNLNNKKFFKLFYNYKFKDGDDKEDNRIPNFKIKKNNFFKKIHDMFNNFKNLHILHILYIFFNDNNGIKKKREVIDINNNILEINRRIIIKIKKKIKIHFIKLIIFYFKFYVVDN,7.876755714416504,wildtype,regressor,seq
0,8,True,3,1.1636325120925903,LNNNNNFNIRKNFINFIDINNCERHFNNIKFYIVDGMNENNNHIFNEEMVVNNVVKNINGRNVKFIILVINFNNNNKFLLLLLNLDVLKNFFNKLKCKLMSNDNFKFEILVLMFKLITVLLYVNMKNKFIFIKFYILMFFNFKPNEKNNILNKNIIKNFNFKVLMNLLNNFENLHILIIYYIFFFDMKIKFKRRKVYNINFVKLMLNRRNRKKENTNDKINFINKKNNFFKIYKMYY,LNNNNNFNIRKNFINFIDINNCERHFNNIKFYIVDGMNENNNHIFNEEMVVNNVVKNINGRNVKFIILVINFNNNNKFLLLLLNLDVLKNFFNKLKCKLMSNDNFKFEILVLMFKLITVLLYVNMKNKFIFIKFYILMFFNFKPNEKNNILNKNIIKNFNFKVLMNLLNNFENLHILIIYYIFFFDMKIKFKRRKVYNINFVKLMLNRRNRKKENTNDKINFINKKNNFFKIYKMYY,7.584842205047607,wildtype,regressor,seq
0,9,True,2,0.9874483346939087,FIIIFHMILIMLELLLLTFHFFKVKLMLEAMLLNNTIFQKFLTKLFYTTIKLLFTLLTDYNNHNEEEERKERKHLHTTEFKKYKFKEEEFHMIIIHTKFEFIIIHEIIFFNKFNNKNNFNNFNLEIKHNEEENEIEEHEIFHLLHLHHLKNNDHEEELKYNKNFTIEHQWLKLYELKIVMLTTLLIEETLNNLLLIFTTTALFLFKFFFTIFIIHIIVPELEDGIGFIIIFEEEKNL,FIIIFHMILIMLELLLLTFHFFKVKLMLEAMLLNNTIFQKFLTKLFYTTIKLLFTLLTDYNNHNEEEERKERKHLHTTEFKKYKFKEEEFHMIIIHTKFEFIIIHEIIFFNKFNNKNNFNNFNLEIKHNEEENEIEEHEIFHLLHLHHLKNNDHEEELKYNKNFTIEHQWLKLYELKIVMLTTLLIEETLNNLLLIFTTTALFLFKFFFTIFIIHIIVPELEDGIGFIIIFEEEKNL,7.609444618225098,wildtype,regressor,seq
1,2,True,1,0.8647685050964355,NTFNKLIILLLFLNKEMFCNSNINMKNLLNENDKDDDQTEKALENNLNDKRTHIYNLKYLLNLIENNNGELRINNKKNNHHMLLNNIKFHIMNEIKNNKNIDHTQEKYNMFFFNEDDNENHVLILFFFFFDKGLVLIILIHVFILMLIIIIIIIELKHYIKHIFIYKVKFKIKELDENLMFFLHDDVNNNHVLLGDGIFIFKQFIITKKKNNIIMIFFVFFFFFIVFIIMVFFVMYH,NTFNKLIILLLFLNKEMFCNSNINMKNLLNENDKDDDQTEKALENNLNDKRTHIYNLKYLLNLIENNNGELRINNKKNNHHMLLNNIKFHIMNEIKNNKNIDHTQEKYNMFFFNEDDNENHVLILFFFFFDKGLVLIILIHVFILMLIIIIIIIELKHYIKHIFIYKVKFKIKELDENLMFFLHDDVNNNHVLLGDGIFIFKQFIITKKKNNIIMIFFVFFFFFIVFIIMVFFVMYH,5.884124279022217,wildtype,regressor,seq
1,3,True,1,1.1840050220489502,LYKMHNNHKFNTTVVILIIFVKKYMNFDNYKHLLKTALIYKADFFVNLAGMNNFVINKGDVLMYYKLFKFKMYMFIKHVVKFKLNYLNERATFKNVFNNNEKVNNFNKSKMKSIIIIIFIIKFINEFNSMGHKFEEEKIKECNECYQNEIHKKLNNINIDNNNNFKNFNNFFIIVIVQNLNKFNTTFFKKIIEMLNNNNNNTKYMLYKKLFKKLNNNIIFNIFNHTNINYPIDNFKE,LYKMHNNHKFNTTVVILIIFVKKYMNFDNYKHLLKTALIYKADFFVNLAGMNNFVINKGDVLMYYKLFKFKMYMFIKHVVKFKLNYLNERATFKNVFNNNEKVNNFNKSKMKSIIIIIFIIKFINEFNSMGHKFEEEKIKECNECYQNEIHKKLNNINIDNNNNFKNFNNFFIIVIVQNLNKFNTTFFKKIIEMLNNNNNNTKYMLYKKLFKKLNNNIIFNIFNHTNINYPIDNFKE,7.024299621582031,wildtype,regressor,seq
1,4,True,1,1.3076704740524292,FIFIMKIIVIMKLNENEKNKININIHTFIIPHMVIILLIFTLLELNRNIINIIDHFKIYYMFEIIIEELEIFNENNTKNKNMLELIRENKIVVIYFKIILKNFIKFKLNFFFFFELMHELKIKHLKLVNNFKLLLVINNLIFIYITLIIFFVGNFKEEEINHHIDIELVLLLGEEDKKKDDFNHNILLEEDLLLGDGDNARINNNEGEFKNGEFMTVVVELVKADDKLEMLEPTNLY,FIFIMKIIVIMKLNENEKNKININIHTFIIPHMVIILLIFTLLELNRNIINIIDHFKIYYMFEIIIEELEIFNENNTKNKNMLELIRENKIVVIYFKIILKNFIKFKLNFFFFFELMHELKIKHLKLVNNFKLLLVINNLIFIYITLIIFFVGNFKEEEINHHIDIELVLLLGEEDKKKDDFNHNILLEEDLLLGDGDNARINNNEGEFKNGEFMTVVVELVKADDKLEMLEPTNLY,7.458247184753418,wildtype,regressor,seq
1,5,True,1,1.1400569677352905,KLNLYLFNCKNNTIDIIIIEEKKQKLFEDFELKLDTKENHLKNQFVVMLLKNNIIIMDLVLLNLHLLFKNCNHHIMMKQDYYMKFIVCKTYYIKNGVNDHYFLYYEMHFKVEKLLNNLNNNENLETTYSLEHTTIIKFKLEKYSKYNFVHHMLFTTINFFNLNNKKNTNTEYLHLLLKLLKTQNTFNNKIIILLLLNLYFLTFFKKFENLYNKNFKMKIIMYFTTMLFGNGTYGIII,KLNLYLFNCKNNTIDIIIIEEKKQKLFEDFELKLDTKENHLKNQFVVMLLKNNIIIMDLVLLNLHLLFKNCNHHIMMKQDYYMKFIVCKTYYIKNGVNDHYFLYYEMHFKVEKLLNNLNNNENLETTYSLEHTTIIKFKLEKYSKYNFVHHMLFTTINFFNLNNKKNTNTEYLHLLLKLLKTQNTFNNKIIILLLLNLYFLTFFKKFENLYNKNFKMKIIMYFTTMLFGNGTYGIII,8.419689178466797,wildtype,regressor,seq
1,6,True,1,1.3055925369262695,DNDVENTEEVNLIIHFIDDELKKLVLEEEKELEKKMFYNILHIEFVLMHLEFVIKIFKKNLHMVKEVFVKCTHKIIVEVKIIMNLFNNNERNFGNSVVVHEGGEEETMFKMEEEEENLENDENRKDVLSEEDTREEDNKNVLTYGFKGKDIVMFKKIKVVNNNNNKNTFKIVVLLELNFNNTQNTFNFNIILLLLNNLNTLTQFEGFKKTKFTLICLKEFKLMTTQTTALDKDLIII,DNDVENTEEVNLIIHFIDDELKKLVLEEEKELEKKMFYNILHIEFVLMHLEFVIKIFKKNLHMVKEVFVKCTHKIIVEVKIIMNLFNNNERNFGNSVVVHEGGEEETMFKMEEEEENLENDENRKDVLSEEDTREEDNKNVLTYGFKGKDIVMFKKIKVVNNNNNKNTFKIVVLLELNFNNTQNTFNFNIILLLLNNLNTLTQFEGFKKTKFTLICLKEFKLMTTQTTALDKDLIII,8.854874610900879,wildtype,regressor,seq
1,7,True,1,1.528525471687317,LNELEKTKENNLIVHIIEIEVVKVVNEEGEEFELKVFFNYYHIFFMKMDEKYVIKLMDDNLHMVDELFKKYMIIMMMDVNINMNIFINNEKNEKNNVVVGEGGGNEKTYKYEKIEEVLINPINNEKILSEDEKREENHKNVLVLGDNEEVIKVLKEINVVNNNNKVNNHKFFILLLLLNNKNNNTFNKNIELLLLNNFNTFNKNELFKNLKKKLIIFKNFKFFTTLAFALLILLLIE,LNELEKTKENNLIVHIIEIEVVKVVNEEGEEFELKVFFNYYHIFFMKMDEKYVIKLMDDNLHMVDELFKKYMIIMMMDVNINMNIFINNEKNEKNNVVVGEGGGNEKTYKYEKIEEVLINPINNEKILSEDEKREENHKNVLVLGDNEEVIKVLKEINVVNNNNKVNNHKFFILLLLLNNKNNNTFNKNIELLLLNNFNTFNKNELFKNLKKKLIIFKNFKFFTTLAFALLILLLIE,9.255462646484375,wildtype,regressor,seq
1,8,True,1,1.6635438203811646,PLPMENTKKKNYIKKILTIELKKVENELKLEFELKMFFNYLHIIIGLLDLKYVIKDLKYVFIVNNLLIKNYIIIIVMMFNIMMNLFFNNERNEKHIVDDNNNGGNKLDNKEKEKEENENNVVENTIILSEDNTVVILFKLVLKDDLNEEHIIILHEIKLVNINFFKIHHKFFIHLELLNMKKENFNNKNIELLLVNNFNLNTKLKLFNKLNYKIIIFKLLFFFFILAFTLKFDDDFC,PLPMENTKKKNYIKKILTIELKKVENELKLEFELKMFFNYLHIIIGLLDLKYVIKDLKYVFIVNNLLIKNYIIIIVMMFNIMMNLFFNNERNEKHIVDDNNNGGNKLDNKEKEKEENENNVVENTIILSEDNTVVILFKLVLKDDLNEEHIIILHEIKLVNINFFKIHHKFFIHLELLNMKKENFNNKNIELLLVNNFNLNTKLKLFNKLNYKIIIFKLLFFFFILAFTLKFDDDFC,8.272287368774414,wildtype,regressor,seq
1,9,True,4,1.7526437044143677,NGENENTNNNYYNKKIIKFEKKRVENEENEEFILKMNEEIYHIIFNKKNTKYFIKDLVDNLNNNNIIIVYLNIMMVFDFNNKMKLFVENEVFLIAGEKLGNKGNFEKDNKYEEEEGIEINSEENEEILESLETVVILFFFKVTLGLNLNIIIVLHEITLNSVNFFKIKNKIFHDALLLNLKNKNTENKNFEENKMNNFVLNNFFKRFIKTNNKIIMFFFFFFFMNHHFILFLLLFFI,NGENENTNNNYYNKKIIKFEKKRVENEENEEFILKMNEEIYHIIFNKKNTKYFIKDLVDNLNNNNIIIVYLNIMMVFDFNNKMKLFVENEVFLIAGEKLGNKGNFEKDNKYEEEEGIEINSEENEEILESLETVVILFFFKVTLGLNLNIIIVLHEITLNSVNFFKIKNKIFHDALLLNLKNKNTENKNFEENKMNNFVLNNFFKRFIKTNNKIIMFFFFFFFMNHHFILFLLLFFI,8.221914291381836,wildtype,regressor,seq
